"Id";"Designator";"Package";"Quantity";"Designation";"Supplier and ref";
1;"FID3,FID2,FID1";"Fiducial_0.5mm_Mask1.5mm";3;"Fiducial";;;
2;"C9,C3,C14,C13,C4,C1";"C_0805_2012Metric";6;"100nF, 50V";;;
3;"C10,C11,C7";"C_0603_1608Metric";3;"1uF, 50V";;;
4;"J4";"JST_XH_B4B-XH-A_1x04_P2.50mm_Vertical";1;"Conn_01x04_Male";;;
5;"R7";"R_1206_3216Metric";1;"25mOhm,1%,500mW";;;
6;"R10";"R_0402_1005Metric";1;"0,63mW";;;
7;"R11,R12,R13,R14";"R_0603_1608Metric";4;"1k,1%,25mW";;;
8;"R15,R17,R19";"R_1210_3225Metric";3;"0,0.5W";;;
9;"R16,R18,R25,R20,R24";"R_0402_1005Metric";5;"220,1%,63mW";;;
10;"R22,R5";"R_0402_1005Metric";2;"100k,1%,63mW";;;
11;"TP8,TP11,TP13,TP14,TP2,TP10,TP9";"test_point";7;"TestPoint";;;
12;"J5";"JST_XH_B6B-XH-A_1x06_P2.50mm_Vertical";1;"Conn_01x06_Male";;;
13;"TP15,TP12,TP1,TP3";"TestPoint_Pad_D1.0mm";4;"TestPoint";;;
14;"S1";"SW_DS01-254-L-02BE";1;"DS01-254-L-02BE";;;
15;"U2";"VSSOP-8_3.0x3.0mm_P0.65mm";1;"LM3488";;;
16;"H3,H4,H2,H1";"MountingHole_3.2mm_M3";4;"MountingHole";;;
17;"J1";"20021121-00010C4LF";1;"Conn_ARM_JTAG_SWD_10";;;
18;"R1,R3,R9,R23,R21";"R_0402_1005Metric";5;"10k,1%,63mW";;;
19;"U3";"LGA-12_2x2mm_P0.5mm";1;"LIS2DE12";;;
20;"J2";"JST_XH_B2B-XH-A_1x02_P2.50mm_Vertical";1;"Conn_01x02_Male";;;
21;"C2,C15";"CP_Elec_6.3x5.8";2;"10uF, 50V";;;
22;"R4";"R_0402_1005Metric";1;"56.2k,1%,63mW";;;
23;"SW1";"SW_SPST_PTS645";1;"PTS645SL43SMTR92 LFS";;;
24;"U1";"TSSOP-20_4.4x6.5mm_P0.65mm";1;"STM32G031Fx";;;
25;"U5";"SOIC-16_3.9x9.9mm_P1.27mm";1;"ULN2003ADR";;;
26;"R2";"R_0402_1005Metric";1;"634,.1%,63mW";;;
27;"T1";"DRQ125-150-R";1;"DRQ125-330-R";;;
28;"R8";"R_0402_1005Metric";1;"84.5k,1%,63mW";;;
29;"Q1";"TO-252-2";1;"DMP4051LK3";;;
30;"C6";"C_0402_1005Metric";1;"0.22uF,10%,35V";;;
31;"C8";"C_0402_1005Metric";1;"1nF, 50V";;;
32;"D3";"LED_0603_1608Metric";1;"LED";;;
33;"R6";"R_0402_1005Metric";1;"100,1%,63mW";;;
34;"C5";"C_0402_1005Metric";1;"2200pF,10%,50V";;;
35;"U4";"SOT-223-3_TabPin2";1;"LD1117S33TR_SOT223";;;
36;"C12";"CP_Elec_6.3x5.9";1;"22uF, 20V";;;
37;"Q2";"TO-252-2";1;"NCE0110K";;;
38;"D1";"D_SOD-123";1;"BZT52-B15_R1_00001";;;
39;"D4";"LED_Cree-PLCC4_3.2x2.8mm_CCW";1;"CLV1A-FKB-CK1VW1DE1BB7C3C3";;;
40;"F1";"R_1210_3225Metric";1;"1210L075YR";;;
41;"D2";"D_SOD-123F";1;"DSK34";;;
